{"cameraMode":{"drawMode":0,"name":"Shaded","section":"Shading Mode"},"sceneLighting":false,"audioPlay":false,"sceneViewState":{"m_AlwaysRefresh":false,"showFog":true,"showSkybox":false,"showFlares":true,"showImageEffects":true,"showParticleSystems":true,"showVisualEffectGraphs":true,"m_FxEnabled":true},"in2DMode":false,"pivot":{"x":-2.059999704360962,"y":0.7986066341400147,"z":-0.004794716835021973},"rotation":{"x":-0.31143155694007876,"y":0.47152724862098696,"z":-0.18251372873783112,"w":-0.8045884370803833},"size":1.1615875959396363,"orthographic":false}